Model,MAE,RMSE
RF(logY),180.86340165443733,303.3670268435977
XGB(logY),181.21978060622413,303.5739959842699
