Model,MAE,RMSE
RF(logY),1.1864371331333932,3.53519689870504
XGB(logY),5.546738905283927,17.4577287017908
