Model,MAE,RMSE
RF_lags,15.625499999999999,20.011239685486757
XGB_lags,16.703831990559895,21.773344144425273
"SARIMA(1,1,1)(1,0,1,7)",16.860808588810208,20.878775032764782
"ARIMA(7, 1, 1)",16.944708522622836,20.946193249058645
"ARIMA(2, 1, 1)",17.003585247493202,21.05525314472479
Naive-last,22.766666666666666,28.276609886382538
Naive-seasonal-7,25.566666666666666,30.682785618866703
"ARIMA(1, 1, 0)",27.599508265702976,33.588377945622284
