Model,MAE,RMSE
RF_tuned,15.254061050184989,19.5532857965875
XGB_tuned,17.146778361002603,21.837749514738555
Naive_last,22.766666666666666,28.276609886382538
Naive_7,25.566666666666666,30.682785618866703
