Model,MAE,RMSE
RF(logY),1.1787853970550777,3.5252080271805375
XGB(logY),5.423219500397663,17.150463585998658
Lasso(logY)+scale,197.52763992129235,672.4547486750714
Ridge(logY)+scale,197.9558131350682,685.5907907675738
Linear(logY)+scale,198.03623309828905,686.9660283923643
